t_s,frame_ms,draw_calls,primitives,objects,video_mem,x,y,z
1.291,15.725,748,1514934,748,297292496,-45.1,9.8,34.8
1.620,16.667,789,1599713,789,297292496,-42.3,8.7,32.4
1.956,17.724,834,1737809,834,297292496,-39.5,7.6,30.0
2.322,18.526,840,1742311,840,297292496,-36.4,6.5,27.4
2.709,20.092,891,2071412,891,297292496,-33.1,5.2,24.6
3.114,20.370,854,1945621,854,297292496,-29.8,4.0,21.8
3.530,20.370,829,1996363,829,297292496,-27.6,3.7,20.1
3.932,20.000,786,2019541,786,297292496,-25.6,3.4,18.4
4.326,19.697,755,2006983,755,297292496,-23.5,3.1,16.7
4.723,20.000,680,1978325,680,297292496,-21.4,2.8,15.0
5.135,20.833,600,1843479,600,297292496,-19.3,2.5,13.3
5.558,21.212,601,1902316,601,297292496,-17.1,2.1,11.5
6.006,22.727,539,1786104,539,297292496,-14.8,1.8,9.6
6.461,22.738,825,2111209,825,297292496,-14.6,1.7,8.1
6.933,23.611,833,2313279,833,297292496,-15.5,1.7,6.7
7.432,25.000,824,2204286,824,297292496,-16.5,1.7,5.3
7.914,22.818,829,2205372,829,297292496,-17.4,1.6,3.9
8.375,23.333,809,2430873,809,297292496,-18.3,1.6,2.5
8.847,23.611,813,2464835,813,297292496,-19.3,1.6,1.1
9.324,23.810,805,2324270,805,297292496,-19.6,1.6,0.1
9.790,22.377,774,2265684,774,297292496,-17.5,1.6,0.5
10.237,22.727,750,2129870,750,297292496,-15.4,1.6,1.0
10.691,22.727,734,2111901,734,297292496,-13.4,1.6,1.4
11.141,22.222,713,2105116,713,297292496,-11.3,1.6,1.9
11.599,23.505,690,2084302,690,297292496,-9.2,1.6,2.3
12.063,22.917,662,1982391,662,297292496,-7.1,1.6,2.8
12.512,21.329,626,1868843,626,297292496,-5.5,1.6,3.3
12.928,20.370,607,1878021,607,297292496,-4.4,1.7,4.0
13.330,20.000,581,1818814,581,297292496,-3.3,1.8,4.7
13.724,19.697,537,1727928,537,297292496,-2.3,1.9,5.3
14.114,18.672,519,1725137,519,297292496,-1.3,2.0,5.9
14.493,19.048,503,1729089,503,297292496,-0.3,2.0,6.6
14.874,19.048,470,1689716,470,297292496,0.7,2.1,7.2
15.261,19.444,439,1566818,439,297292496,1.7,2.2,7.8
15.650,19.444,488,1646516,488,297292496,3.4,2.2,8.5
16.039,19.444,468,1639260,468,297292496,5.4,2.2,9.3
16.432,20.066,440,1633388,440,297292496,7.4,2.3,10.0
16.836,20.370,392,1562458,392,297292496,9.5,2.3,10.8
17.242,20.370,338,1343942,338,297292496,11.7,2.3,11.6
17.651,20.370,307,1338787,307,297292496,13.8,2.3,12.4
18.043,19.444,205,1080345,205,297292496,15.8,2.4,13.2
18.391,16.667,193,966429,193,297292496,17.6,2.4,13.9
18.738,17.631,171,951441,171,297292496,19.4,2.3,13.3
19.087,17.058,155,945095,155,297292496,21.3,2.3,12.4
19.439,18.056,308,1309276,308,297292496,23.1,2.2,11.5
19.801,18.056,305,1321974,305,297292496,25.0,2.1,10.5
20.162,18.056,284,1334958,284,297292496,26.8,2.0,9.6
20.523,18.056,263,1289464,263,297292496,28.7,1.9,8.6
20.881,18.056,256,1211354,256,297292496,30.6,1.8,7.7
21.234,17.408,233,1128848,233,297292496,32.4,1.8,6.8
21.575,16.936,533,1770000,533,297292496,34.2,1.7,5.9
21.922,18.056,558,1894497,558,297292496,35.7,1.7,5.0
22.320,20.000,601,1932892,601,297292496,37.6,1.7,4.0
22.727,20.370,615,1936788,615,297292496,39.4,1.7,2.9
23.137,21.823,680,2098393,680,297292496,41.3,1.7,1.8
23.581,22.222,780,2126447,780,297292496,43.3,1.7,0.7
24.020,21.667,804,2136611,804,297292496,45.3,1.7,-0.5
24.438,20.833,825,2188984,825,297292496,47.2,1.7,-1.5
24.839,20.370,865,2302801,865,297292496,46.7,2.2,-2.9
25.247,20.370,869,2322481,869,297292496,44.3,3.0,-4.5
25.666,20.833,862,2314369,862,297292496,41.9,3.9,-6.1
26.083,20.833,845,2261232,845,297292496,39.4,4.7,-7.7
26.507,21.667,855,2263976,855,297292496,36.9,5.6,-9.4
26.954,22.222,826,2148458,826,297292496,34.3,6.5,-11.1
27.391,21.667,814,2147040,814,297292496,31.8,7.4,-12.8
27.829,22.222,824,2215661,824,297292496,28.9,7.9,-14.3
28.273,22.222,768,2097197,768,297292496,25.5,7.6,-15.1
28.696,20.833,747,1853792,747,297292496,22.2,7.3,-16.0
29.089,19.697,721,2008046,721,297292496,19.1,7.1,-16.7
29.488,20.000,688,1897622,688,297292496,16.0,6.8,-17.5
29.894,20.370,680,2062429,680,297292496,12.8,6.6,-18.3
30.301,20.370,687,2023622,687,297292496,9.7,6.3,-19.1
30.709,20.370,680,1991555,680,297292496,6.5,6.0,-19.9
31.118,20.833,688,1977077,688,297292496,3.1,6.3,-19.8
31.535,20.833,654,1841491,654,297292496,-0.5,6.7,-19.5
31.973,22.853,620,1737070,620,297292496,-4.2,7.2,-19.2
32.424,22.222,599,1748315,599,297292496,-8.0,7.6,-18.9
32.833,20.000,545,1528942,545,297292496,-11.4,8.0,-18.7
33.228,20.000,521,1489834,521,297292496,-14.8,8.4,-18.4
33.628,20.000,481,1485577,481,297292496,-18.2,8.8,-18.1
34.000,16.413,595,1841136,595,297292496,-21.4,9.1,-17.4
34.326,16.667,535,1587135,535,297292496,-24.4,9.5,-16.1
34.654,16.667,483,1551187,483,297292496,-27.4,9.8,-14.8
34.981,15.428,441,1529944,441,297292496,-30.3,10.1,-13.6
35.301,15.278,408,1446129,408,297292496,-33.2,10.4,-12.3
35.608,15.360,374,1317398,374,297292496,-36.0,10.7,-11.1
35.925,15.278,319,1291260,319,297292496,-38.9,11.0,-9.9
36.233,14.762,309,1288222,309,297292496,-41.7,11.3,-8.7
36.541,15.278,281,1257144,281,297292496,-44.5,11.6,-7.5
36.836,14.815,277,1255920,277,297292496,-47.2,11.9,-6.3
37.119,14.286,247,1239418,247,297292496,-48.5,12.1,-2.8
37.395,13.380,194,1011373,194,297292496,-49.2,12.3,1.7
37.668,13.636,157,1017704,157,297292496,-49.9,12.5,6.1
37.941,13.636,122,957146,122,297292496,-50.6,12.7,10.5
38.211,13.333,112,926849,112,297292496,-51.3,12.8,14.9
38.476,12.096,83,821238,83,297292496,-52.0,13.0,19.2
38.734,12.503,64,803678,64,297292496,-52.7,13.2,23.4
38.990,12.500,64,814926,64,297292496,-53.4,13.3,27.6
39.242,12.500,49,771164,49,297292496,-54.0,13.5,31.7
39.501,12.963,117,800857,117,297292496,-54.7,13.7,35.9
39.771,13.636,309,929725,309,297292496,-55.4,13.9,40.3
